-- phpMyAdmin SQL Dump
-- version 5.1.1
-- https://www.phpmyadmin.net/
--
-- Host: 127.0.0.1
-- Generation Time: Aug 11, 2021 at 07:26 AM
-- Server version: 10.4.20-MariaDB
-- PHP Version: 7.4.21

SET SQL_MODE = "NO_AUTO_VALUE_ON_ZERO";
START TRANSACTION;
SET time_zone = "+00:00";


/*!40101 SET @OLD_CHARACTER_SET_CLIENT=@@CHARACTER_SET_CLIENT */;
/*!40101 SET @OLD_CHARACTER_SET_RESULTS=@@CHARACTER_SET_RESULTS */;
/*!40101 SET @OLD_COLLATION_CONNECTION=@@COLLATION_CONNECTION */;
/*!40101 SET NAMES utf8mb4 */;

--
-- Database: `shopify`
--

-- --------------------------------------------------------

--
-- Table structure for table `admin`
--

CREATE TABLE `admin` (
  `id` int(11) NOT NULL,
  `first_name` varchar(50) NOT NULL,
  `last_name` varchar(50) NOT NULL,
  `email` varchar(80) NOT NULL,
  `image` varchar(255) NOT NULL,
  `role` varchar(10) NOT NULL,
  `password` varchar(32) NOT NULL
) ENGINE=InnoDB DEFAULT CHARSET=utf8mb4;

--
-- Dumping data for table `admin`
--

INSERT INTO `admin` (`id`, `first_name`, `last_name`, `email`, `image`, `role`, `password`) VALUES
(1, 'Admin', 'Admin', 'admin@shopify.com', '', 'superadmin', '21232f297a57a5a743894a0e4a801fc3'),
(2, 'Rehan', 'Kh', 'rehan@shopify.com', 'assets/img/rehan.JPG', 'Admin', '825625953cfd8a71e773215200a4de40'),
(4, 'Usama', 'Khan', 'usama@shopify.com', 'assets/img/rehan.JPG', 'Admin', '825625953cfd8a71e773215200a4de40'),
(8, 'Muhammad', 'Rehan', 'mr@shopify.com', 'assets/img/audi.jpg', 'Admin', 'd9394066970e44ae252fd0347e58c03e'),
(11, 'Mr', 'Khan', 'mrkhan@shopify.com', 'assets/img/audi.jpg', 'Admin', '825625953cfd8a71e773215200a4de40'),
(13, 'Mr', 'Khan', 'mrkh@shopify.com', 'assets/img/audi.jpg', 'Admin', 'fa46ec0b4924e8c2194a53ef61b94039'),
(14, 'Usama', 'Kh', 'u@shopify.com', 'assets/img/hp4402.jpg', 'Admin', '7b774effe4a349c6dd82ad4f4f21d34c'),
(15, 'M', 'Rehan', 'm@shopify.com', 'assets/img/audi.jpg', 'Admin', 'd9394066970e44ae252fd0347e58c03e'),
(16, 'Admin', 'Admin', 'ad@shopify.com', 'assets/img/lightenning.png', 'Admin', '21232f297a57a5a743894a0e4a801fc3'),
(17, 'Rehan', 'Kh', 'reh@shopify.com', 'assets/img/rehan.JPG', 'Admin', '825625953cfd8a71e773215200a4de40'),
(18, 'Usama', 'Khan', 'us@shopify.com', 'assets/img/rehan.JPG', 'Admin', '825625953cfd8a71e773215200a4de40'),
(19, 'Muhammad', 'Rehan', 'md@shopify.com', 'assets/img/audi.jpg', 'Admin', 'd9394066970e44ae252fd0347e58c03e'),
(20, 'Mr', 'K', 'mrk@shopify.com', 'assets/img/audi.jpg', 'Admin', '825625953cfd8a71e773215200a4de40'),
(21, 'Mr', 'Khan', 'mrkhn@shopify.com', 'assets/img/audi.jpg', 'Admin', 'fa46ec0b4924e8c2194a53ef61b94039'),
(22, 'Usama', 'K', 'uk@shopify.com', 'assets/img/hp4402.jpg', 'Admin', '7b774effe4a349c6dd82ad4f4f21d34c'),
(23, 'M', 'Rehan', 'rhn@shopify.com', 'assets/img/hp440.jpg', 'Admin', 'd9394066970e44ae252fd0347e58c03e');

-- --------------------------------------------------------

--
-- Table structure for table `category`
--

CREATE TABLE `category` (
  `id` int(11) NOT NULL,
  `name` varchar(50) NOT NULL,
  `image` varchar(100) NOT NULL,
  `description` text NOT NULL
) ENGINE=InnoDB DEFAULT CHARSET=utf8mb4;

--
-- Dumping data for table `category`
--

INSERT INTO `category` (`id`, `name`, `image`, `description`) VALUES
(1, 'SmartPhone', 'assets/img/phone.jpg', 'Apple Inc '),
(3, 'Car', 'assets/img/audi.jpg', 'Audi'),
(4, 'Lays', 'assets/img/lays.jpg', 'Pepsi.co'),
(5, 'Laptop', 'assets/img/sleek-icon.png', 'HP'),
(6, 'Computer', 'assets/img/hp440.jpg', 'Dell'),
(9, 'Computer', 'assets/img/hp4402.jpg', '   Dell  hp ');

-- --------------------------------------------------------

--
-- Table structure for table `ci_sessions`
--

CREATE TABLE `ci_sessions` (
  `id` varchar(128) NOT NULL,
  `ip_address` varchar(45) NOT NULL,
  `timestamp` int(10) UNSIGNED NOT NULL DEFAULT 0,
  `data` blob NOT NULL
) ENGINE=InnoDB DEFAULT CHARSET=utf8mb4;

--
-- Dumping data for table `ci_sessions`
--

INSERT INTO `ci_sessions` (`id`, `ip_address`, `timestamp`, `data`) VALUES
('okmu7qk2ed9o9g24lgug2uvg20vfku5h', '::1', 1628571371, 0x5f5f63695f6c6173745f726567656e65726174657c693a313632383537313337313b636172745f636f6e74656e74737c613a353a7b733a31303a22636172745f746f74616c223b643a34303030303b733a31313a22746f74616c5f6974656d73223b643a32333b733a33323a223565663536626165363166656139343930623237656466333636623338623332223b613a373a7b733a323a226964223b733a323a223233223b733a333a22717479223b643a31303b733a353a227072696365223b643a3730303b733a343a226e616d65223b733a353a2250686f6e65223b733a373a226f7074696f6e73223b613a313a7b733a353a22696d616765223b733a35333a22687474703a2f2f6c6f63616c686f73743a383038302f63692d73686f706966792f6173736574732f696d672f70686f6e652e6a7067223b7d733a353a22726f776964223b733a33323a223565663536626165363166656139343930623237656466333636623338623332223b733a383a22737562746f74616c223b643a373030303b7d733a33323a223035383237646632306130303231383963363339386132336138636434363431223b613a373a7b733a323a226964223b733a323a223232223b733a333a22717479223b643a353b733a353a227072696365223b643a353030303b733a343a226e616d65223b733a333a22436172223b733a373a226f7074696f6e73223b613a313a7b733a353a22696d616765223b733a35323a22687474703a2f2f6c6f63616c686f73743a383038302f63692d73686f706966792f6173736574732f696d672f617564692e6a7067223b7d733a353a22726f776964223b733a33323a223035383237646632306130303231383963363339386132336138636434363431223b733a383a22737562746f74616c223b643a32353030303b7d733a33323a223434396233393639346363663534366239383432313434386539376266303233223b613a373a7b733a323a226964223b733a323a223234223b733a333a22717479223b643a383b733a353a227072696365223b643a313030303b733a343a226e616d65223b733a363a2248502d343430223b733a373a226f7074696f6e73223b613a313a7b733a353a22696d616765223b733a35333a22687474703a2f2f6c6f63616c686f73743a383038302f63692d73686f706966792f6173736574732f696d672f68703434302e6a7067223b7d733a353a22726f776964223b733a33323a223434396233393639346363663534366239383432313434386539376266303233223b733a383a22737562746f74616c223b643a383030303b7d7d),
('sor8hola1mvtogfuksmtph79cu53512u', '::1', 1628571828, 0x5f5f63695f6c6173745f726567656e65726174657c693a313632383537313832383b636172745f636f6e74656e74737c613a353a7b733a31303a22636172745f746f74616c223b643a34343030303b733a31313a22746f74616c5f6974656d73223b643a32333b733a33323a223565663536626165363166656139343930623237656466333636623338623332223b613a373a7b733a323a226964223b733a323a223233223b733a333a22717479223b643a31303b733a353a227072696365223b643a3730303b733a343a226e616d65223b733a353a2250686f6e65223b733a373a226f7074696f6e73223b613a313a7b733a353a22696d616765223b733a35333a22687474703a2f2f6c6f63616c686f73743a383038302f63692d73686f706966792f6173736574732f696d672f70686f6e652e6a7067223b7d733a353a22726f776964223b733a33323a223565663536626165363166656139343930623237656466333636623338623332223b733a383a22737562746f74616c223b643a373030303b7d733a33323a223035383237646632306130303231383963363339386132336138636434363431223b613a373a7b733a323a226964223b733a323a223232223b733a333a22717479223b643a363b733a353a227072696365223b643a353030303b733a343a226e616d65223b733a333a22436172223b733a373a226f7074696f6e73223b613a313a7b733a353a22696d616765223b733a35323a22687474703a2f2f6c6f63616c686f73743a383038302f63692d73686f706966792f6173736574732f696d672f617564692e6a7067223b7d733a353a22726f776964223b733a33323a223035383237646632306130303231383963363339386132336138636434363431223b733a383a22737562746f74616c223b643a33303030303b7d733a33323a223434396233393639346363663534366239383432313434386539376266303233223b613a373a7b733a323a226964223b733a323a223234223b733a333a22717479223b643a373b733a353a227072696365223b643a313030303b733a343a226e616d65223b733a363a2248502d343430223b733a373a226f7074696f6e73223b613a313a7b733a353a22696d616765223b733a35333a22687474703a2f2f6c6f63616c686f73743a383038302f63692d73686f706966792f6173736574732f696d672f68703434302e6a7067223b7d733a353a22726f776964223b733a33323a223434396233393639346363663534366239383432313434386539376266303233223b733a383a22737562746f74616c223b643a373030303b7d7d),
('p6j1nfb9pvtm3ua2vvdn58p62dfss2fs', '::1', 1628571831, 0x5f5f63695f6c6173745f726567656e65726174657c693a313632383537313832383b636172745f636f6e74656e74737c613a353a7b733a31303a22636172745f746f74616c223b643a34343030303b733a31313a22746f74616c5f6974656d73223b643a32333b733a33323a223565663536626165363166656139343930623237656466333636623338623332223b613a373a7b733a323a226964223b733a323a223233223b733a333a22717479223b643a31303b733a353a227072696365223b643a3730303b733a343a226e616d65223b733a353a2250686f6e65223b733a373a226f7074696f6e73223b613a313a7b733a353a22696d616765223b733a35333a22687474703a2f2f6c6f63616c686f73743a383038302f63692d73686f706966792f6173736574732f696d672f70686f6e652e6a7067223b7d733a353a22726f776964223b733a33323a223565663536626165363166656139343930623237656466333636623338623332223b733a383a22737562746f74616c223b643a373030303b7d733a33323a223035383237646632306130303231383963363339386132336138636434363431223b613a373a7b733a323a226964223b733a323a223232223b733a333a22717479223b643a363b733a353a227072696365223b643a353030303b733a343a226e616d65223b733a333a22436172223b733a373a226f7074696f6e73223b613a313a7b733a353a22696d616765223b733a35323a22687474703a2f2f6c6f63616c686f73743a383038302f63692d73686f706966792f6173736574732f696d672f617564692e6a7067223b7d733a353a22726f776964223b733a33323a223035383237646632306130303231383963363339386132336138636434363431223b733a383a22737562746f74616c223b643a33303030303b7d733a33323a223434396233393639346363663534366239383432313434386539376266303233223b613a373a7b733a323a226964223b733a323a223234223b733a333a22717479223b643a373b733a353a227072696365223b643a313030303b733a343a226e616d65223b733a363a2248502d343430223b733a373a226f7074696f6e73223b613a313a7b733a353a22696d616765223b733a35333a22687474703a2f2f6c6f63616c686f73743a383038302f63692d73686f706966792f6173736574732f696d672f68703434302e6a7067223b7d733a353a22726f776964223b733a33323a223434396233393639346363663534366239383432313434386539376266303233223b733a383a22737562746f74616c223b643a373030303b7d7d),
('97r64i92gn05danhfrop1luspj4a511t', '::1', 1628574101, 0x5f5f63695f6c6173745f726567656e65726174657c693a313632383537343130313b),
('mo75lftvjpl60unv41msp9ikcpufdl0p', '::1', 1628574576, 0x5f5f63695f6c6173745f726567656e65726174657c693a313632383537343537363b636172745f636f6e74656e74737c613a333a7b733a31303a22636172745f746f74616c223b643a31303b733a31313a22746f74616c5f6974656d73223b643a313b733a33323a223931393235333236656137303134353335663733613663623161303062643632223b613a373a7b733a323a226964223b733a323a223235223b733a333a22717479223b643a313b733a353a227072696365223b643a31303b733a343a226e616d65223b733a343a224c617973223b733a373a226f7074696f6e73223b613a313a7b733a353a22696d616765223b733a35323a22687474703a2f2f6c6f63616c686f73743a383038302f63692d73686f706966792f6173736574732f696d672f6c6179732e6a7067223b7d733a353a22726f776964223b733a33323a223931393235333236656137303134353335663733613663623161303062643632223b733a383a22737562746f74616c223b643a31303b7d7d),
('3r0ha1a2rsnp4mdv88sqf9ju431ijmjk', '::1', 1628575108, 0x5f5f63695f6c6173745f726567656e65726174657c693a313632383537353130383b636172745f636f6e74656e74737c613a343a7b733a31303a22636172745f746f74616c223b643a31353031303b733a31313a22746f74616c5f6974656d73223b643a343b733a33323a223931393235333236656137303134353335663733613663623161303062643632223b613a373a7b733a323a226964223b733a323a223235223b733a333a22717479223b643a313b733a353a227072696365223b643a31303b733a343a226e616d65223b733a343a224c617973223b733a373a226f7074696f6e73223b613a313a7b733a353a22696d616765223b733a35323a22687474703a2f2f6c6f63616c686f73743a383038302f63692d73686f706966792f6173736574732f696d672f6c6179732e6a7067223b7d733a353a22726f776964223b733a33323a223931393235333236656137303134353335663733613663623161303062643632223b733a383a22737562746f74616c223b643a31303b7d733a33323a223035383237646632306130303231383963363339386132336138636434363431223b613a373a7b733a323a226964223b733a323a223232223b733a333a22717479223b643a333b733a353a227072696365223b643a353030303b733a343a226e616d65223b733a333a22436172223b733a373a226f7074696f6e73223b613a313a7b733a353a22696d616765223b733a35323a22687474703a2f2f6c6f63616c686f73743a383038302f63692d73686f706966792f6173736574732f696d672f617564692e6a7067223b7d733a353a22726f776964223b733a33323a223035383237646632306130303231383963363339386132336138636434363431223b733a383a22737562746f74616c223b643a31353030303b7d7d),
('gsnml0qi9eodg38v6prtse9u40ppn65c', '::1', 1628575643, 0x5f5f63695f6c6173745f726567656e65726174657c693a313632383537353634333b636172745f636f6e74656e74737c613a343a7b733a31303a22636172745f746f74616c223b643a31353031303b733a31313a22746f74616c5f6974656d73223b643a343b733a33323a223931393235333236656137303134353335663733613663623161303062643632223b613a373a7b733a323a226964223b733a323a223235223b733a333a22717479223b643a313b733a353a227072696365223b643a31303b733a343a226e616d65223b733a343a224c617973223b733a373a226f7074696f6e73223b613a313a7b733a353a22696d616765223b733a35323a22687474703a2f2f6c6f63616c686f73743a383038302f63692d73686f706966792f6173736574732f696d672f6c6179732e6a7067223b7d733a353a22726f776964223b733a33323a223931393235333236656137303134353335663733613663623161303062643632223b733a383a22737562746f74616c223b643a31303b7d733a33323a223035383237646632306130303231383963363339386132336138636434363431223b613a373a7b733a323a226964223b733a323a223232223b733a333a22717479223b643a333b733a353a227072696365223b643a353030303b733a343a226e616d65223b733a333a22436172223b733a373a226f7074696f6e73223b613a313a7b733a353a22696d616765223b733a35323a22687474703a2f2f6c6f63616c686f73743a383038302f63692d73686f706966792f6173736574732f696d672f617564692e6a7067223b7d733a353a22726f776964223b733a33323a223035383237646632306130303231383963363339386132336138636434363431223b733a383a22737562746f74616c223b643a31353030303b7d7d),
('4m6150uok6kbo4bmr6hk5dae8f34atqc', '::1', 1628575992, 0x5f5f63695f6c6173745f726567656e65726174657c693a313632383537353939323b636172745f636f6e74656e74737c613a333a7b733a31303a22636172745f746f74616c223b643a32353030303b733a31313a22746f74616c5f6974656d73223b643a353b733a33323a223035383237646632306130303231383963363339386132336138636434363431223b613a373a7b733a323a226964223b733a323a223232223b733a333a22717479223b643a353b733a353a227072696365223b643a353030303b733a343a226e616d65223b733a333a22436172223b733a373a226f7074696f6e73223b613a313a7b733a353a22696d616765223b733a35323a22687474703a2f2f6c6f63616c686f73743a383038302f63692d73686f706966792f6173736574732f696d672f617564692e6a7067223b7d733a353a22726f776964223b733a33323a223035383237646632306130303231383963363339386132336138636434363431223b733a383a22737562746f74616c223b643a32353030303b7d7d),
('eikphvn6l1cvp40lhb8s4rs9qck7uar9', '::1', 1628576349, 0x5f5f63695f6c6173745f726567656e65726174657c693a313632383537363334393b636172745f636f6e74656e74737c613a333a7b733a31303a22636172745f746f74616c223b643a32353030303b733a31313a22746f74616c5f6974656d73223b643a353b733a33323a223035383237646632306130303231383963363339386132336138636434363431223b613a373a7b733a323a226964223b733a323a223232223b733a333a22717479223b643a353b733a353a227072696365223b643a353030303b733a343a226e616d65223b733a333a22436172223b733a373a226f7074696f6e73223b613a313a7b733a353a22696d616765223b733a35323a22687474703a2f2f6c6f63616c686f73743a383038302f63692d73686f706966792f6173736574732f696d672f617564692e6a7067223b7d733a353a22726f776964223b733a33323a223035383237646632306130303231383963363339386132336138636434363431223b733a383a22737562746f74616c223b643a32353030303b7d7d),
('05ftd0aj7amg129t5u97e1est08rgh05', '::1', 1628576731, 0x5f5f63695f6c6173745f726567656e65726174657c693a313632383537363733313b636172745f636f6e74656e74737c613a333a7b733a31303a22636172745f746f74616c223b643a32353030303b733a31313a22746f74616c5f6974656d73223b643a353b733a33323a223035383237646632306130303231383963363339386132336138636434363431223b613a373a7b733a323a226964223b733a323a223232223b733a333a22717479223b643a353b733a353a227072696365223b643a353030303b733a343a226e616d65223b733a333a22436172223b733a373a226f7074696f6e73223b613a313a7b733a353a22696d616765223b733a35323a22687474703a2f2f6c6f63616c686f73743a383038302f63692d73686f706966792f6173736574732f696d672f617564692e6a7067223b7d733a353a22726f776964223b733a33323a223035383237646632306130303231383963363339386132336138636434363431223b733a383a22737562746f74616c223b643a32353030303b7d7d),
('dufsngqb3j443j0inuk4bgvapch6ckbo', '::1', 1628577068, 0x5f5f63695f6c6173745f726567656e65726174657c693a313632383537373036383b636172745f636f6e74656e74737c613a333a7b733a31303a22636172745f746f74616c223b643a32353030303b733a31313a22746f74616c5f6974656d73223b643a353b733a33323a223035383237646632306130303231383963363339386132336138636434363431223b613a373a7b733a323a226964223b733a323a223232223b733a333a22717479223b643a353b733a353a227072696365223b643a353030303b733a343a226e616d65223b733a333a22436172223b733a373a226f7074696f6e73223b613a313a7b733a353a22696d616765223b733a35323a22687474703a2f2f6c6f63616c686f73743a383038302f63692d73686f706966792f6173736574732f696d672f617564692e6a7067223b7d733a353a22726f776964223b733a33323a223035383237646632306130303231383963363339386132336138636434363431223b733a383a22737562746f74616c223b643a32353030303b7d7d),
('6hrods4k8dh4ne6oah03blbjegk4eqis', '::1', 1628577396, 0x5f5f63695f6c6173745f726567656e65726174657c693a313632383537373339363b636172745f636f6e74656e74737c613a333a7b733a31303a22636172745f746f74616c223b643a32353030303b733a31313a22746f74616c5f6974656d73223b643a353b733a33323a223035383237646632306130303231383963363339386132336138636434363431223b613a373a7b733a323a226964223b733a323a223232223b733a333a22717479223b643a353b733a353a227072696365223b643a353030303b733a343a226e616d65223b733a333a22436172223b733a373a226f7074696f6e73223b613a313a7b733a353a22696d616765223b733a35323a22687474703a2f2f6c6f63616c686f73743a383038302f63692d73686f706966792f6173736574732f696d672f617564692e6a7067223b7d733a353a22726f776964223b733a33323a223035383237646632306130303231383963363339386132336138636434363431223b733a383a22737562746f74616c223b643a32353030303b7d7d),
('kl61l4876bjfbdruv2bn76dp716lfeu0', '::1', 1628577747, 0x5f5f63695f6c6173745f726567656e65726174657c693a313632383537373734373b636172745f636f6e74656e74737c613a343a7b733a31303a22636172745f746f74616c223b643a32353730303b733a31313a22746f74616c5f6974656d73223b643a363b733a33323a223035383237646632306130303231383963363339386132336138636434363431223b613a373a7b733a323a226964223b733a323a223232223b733a333a22717479223b643a353b733a353a227072696365223b643a353030303b733a343a226e616d65223b733a333a22436172223b733a373a226f7074696f6e73223b613a313a7b733a353a22696d616765223b733a35323a22687474703a2f2f6c6f63616c686f73743a383038302f63692d73686f706966792f6173736574732f696d672f617564692e6a7067223b7d733a353a22726f776964223b733a33323a223035383237646632306130303231383963363339386132336138636434363431223b733a383a22737562746f74616c223b643a32353030303b7d733a33323a223565663536626165363166656139343930623237656466333636623338623332223b613a373a7b733a323a226964223b733a323a223233223b733a333a22717479223b643a313b733a353a227072696365223b643a3730303b733a343a226e616d65223b733a353a2250686f6e65223b733a373a226f7074696f6e73223b613a313a7b733a353a22696d616765223b733a35333a22687474703a2f2f6c6f63616c686f73743a383038302f63692d73686f706966792f6173736574732f696d672f70686f6e652e6a7067223b7d733a353a22726f776964223b733a33323a223565663536626165363166656139343930623237656466333636623338623332223b733a383a22737562746f74616c223b643a3730303b7d7d),
('i7d7o6uhnrllp429iq32lf63pchfublr', '::1', 1628578844, 0x5f5f63695f6c6173745f726567656e65726174657c693a313632383537383834343b636172745f636f6e74656e74737c613a383a7b733a31303a22636172745f746f74616c223b643a36323731303b733a31313a22746f74616c5f6974656d73223b643a31373b733a33323a223035383237646632306130303231383963363339386132336138636434363431223b613a373a7b733a323a226964223b733a323a223232223b733a333a22717479223b643a31313b733a353a227072696365223b643a353030303b733a343a226e616d65223b733a333a22436172223b733a373a226f7074696f6e73223b613a313a7b733a353a22696d616765223b733a35323a22687474703a2f2f6c6f63616c686f73743a383038302f63692d73686f706966792f6173736574732f696d672f617564692e6a7067223b7d733a353a22726f776964223b733a33323a223035383237646632306130303231383963363339386132336138636434363431223b733a383a22737562746f74616c223b643a35353030303b7d733a33323a223565663536626165363166656139343930623237656466333636623338623332223b613a373a7b733a323a226964223b733a323a223233223b733a333a22717479223b643a323b733a353a227072696365223b643a3730303b733a343a226e616d65223b733a353a2250686f6e65223b733a373a226f7074696f6e73223b613a313a7b733a353a22696d616765223b733a35333a22687474703a2f2f6c6f63616c686f73743a383038302f63692d73686f706966792f6173736574732f696d672f70686f6e652e6a7067223b7d733a353a22726f776964223b733a33323a223565663536626165363166656139343930623237656466333636623338623332223b733a383a22737562746f74616c223b643a313430303b7d733a33323a223434396233393639346363663534366239383432313434386539376266303233223b613a373a7b733a323a226964223b733a323a223234223b733a333a22717479223b643a313b733a353a227072696365223b643a313030303b733a343a226e616d65223b733a363a2248502d343430223b733a373a226f7074696f6e73223b613a313a7b733a353a22696d616765223b733a35333a22687474703a2f2f6c6f63616c686f73743a383038302f63692d73686f706966792f6173736574732f696d672f68703434302e6a7067223b7d733a353a22726f776964223b733a33323a223434396233393639346363663534366239383432313434386539376266303233223b733a383a22737562746f74616c223b643a313030303b7d733a33323a223931393235333236656137303134353335663733613663623161303062643632223b613a373a7b733a323a226964223b733a323a223235223b733a333a22717479223b643a313b733a353a227072696365223b643a31303b733a343a226e616d65223b733a343a224c617973223b733a373a226f7074696f6e73223b613a313a7b733a353a22696d616765223b733a35323a22687474703a2f2f6c6f63616c686f73743a383038302f63692d73686f706966792f6173736574732f696d672f6c6179732e6a7067223b7d733a353a22726f776964223b733a33323a223931393235333236656137303134353335663733613663623161303062643632223b733a383a22737562746f74616c223b643a31303b7d733a33323a223839623937333931623266663730376636336430346136313237303666613935223b613a373a7b733a323a226964223b733a323a223236223b733a333a22717479223b643a313b733a353a227072696365223b643a353030303b733a343a226e616d65223b733a343a224f50504f223b733a373a226f7074696f6e73223b613a313a7b733a353a22696d616765223b733a35393a22687474703a2f2f6c6f63616c686f73743a383038302f63692d73686f706966792f6173736574732f696d672f61756469202d20436f70792e6a7067223b7d733a353a22726f776964223b733a33323a223839623937333931623266663730376636336430346136313237303666613935223b733a383a22737562746f74616c223b643a353030303b7d733a33323a223164363931343138646165633063303137613463333236646662636131383962223b613a373a7b733a323a226964223b733a323a223237223b733a333a22717479223b643a313b733a353a227072696365223b643a3330303b733a343a226e616d65223b733a343a224f50504f223b733a373a226f7074696f6e73223b613a313a7b733a353a22696d616765223b733a35393a22687474703a2f2f6c6f63616c686f73743a383038302f63692d73686f706966792f6173736574732f696d672f61756469202d20436f70792e6a7067223b7d733a353a22726f776964223b733a33323a223164363931343138646165633063303137613463333236646662636131383962223b733a383a22737562746f74616c223b643a3330303b7d7d),
('7bf8rokn01878np4vcsv2a3c2ivmrflv', '::1', 1628579326, 0x5f5f63695f6c6173745f726567656e65726174657c693a313632383537393332363b636172745f636f6e74656e74737c613a383a7b733a31303a22636172745f746f74616c223b643a36323731303b733a31313a22746f74616c5f6974656d73223b643a31373b733a33323a223035383237646632306130303231383963363339386132336138636434363431223b613a373a7b733a323a226964223b733a323a223232223b733a333a22717479223b643a31313b733a353a227072696365223b643a353030303b733a343a226e616d65223b733a333a22436172223b733a373a226f7074696f6e73223b613a313a7b733a353a22696d616765223b733a35323a22687474703a2f2f6c6f63616c686f73743a383038302f63692d73686f706966792f6173736574732f696d672f617564692e6a7067223b7d733a353a22726f776964223b733a33323a223035383237646632306130303231383963363339386132336138636434363431223b733a383a22737562746f74616c223b643a35353030303b7d733a33323a223565663536626165363166656139343930623237656466333636623338623332223b613a373a7b733a323a226964223b733a323a223233223b733a333a22717479223b643a323b733a353a227072696365223b643a3730303b733a343a226e616d65223b733a353a2250686f6e65223b733a373a226f7074696f6e73223b613a313a7b733a353a22696d616765223b733a35333a22687474703a2f2f6c6f63616c686f73743a383038302f63692d73686f706966792f6173736574732f696d672f70686f6e652e6a7067223b7d733a353a22726f776964223b733a33323a223565663536626165363166656139343930623237656466333636623338623332223b733a383a22737562746f74616c223b643a313430303b7d733a33323a223434396233393639346363663534366239383432313434386539376266303233223b613a373a7b733a323a226964223b733a323a223234223b733a333a22717479223b643a313b733a353a227072696365223b643a313030303b733a343a226e616d65223b733a363a2248502d343430223b733a373a226f7074696f6e73223b613a313a7b733a353a22696d616765223b733a35333a22687474703a2f2f6c6f63616c686f73743a383038302f63692d73686f706966792f6173736574732f696d672f68703434302e6a7067223b7d733a353a22726f776964223b733a33323a223434396233393639346363663534366239383432313434386539376266303233223b733a383a22737562746f74616c223b643a313030303b7d733a33323a223931393235333236656137303134353335663733613663623161303062643632223b613a373a7b733a323a226964223b733a323a223235223b733a333a22717479223b643a313b733a353a227072696365223b643a31303b733a343a226e616d65223b733a343a224c617973223b733a373a226f7074696f6e73223b613a313a7b733a353a22696d616765223b733a35323a22687474703a2f2f6c6f63616c686f73743a383038302f63692d73686f706966792f6173736574732f696d672f6c6179732e6a7067223b7d733a353a22726f776964223b733a33323a223931393235333236656137303134353335663733613663623161303062643632223b733a383a22737562746f74616c223b643a31303b7d733a33323a223839623937333931623266663730376636336430346136313237303666613935223b613a373a7b733a323a226964223b733a323a223236223b733a333a22717479223b643a313b733a353a227072696365223b643a353030303b733a343a226e616d65223b733a343a224f50504f223b733a373a226f7074696f6e73223b613a313a7b733a353a22696d616765223b733a35393a22687474703a2f2f6c6f63616c686f73743a383038302f63692d73686f706966792f6173736574732f696d672f61756469202d20436f70792e6a7067223b7d733a353a22726f776964223b733a33323a223839623937333931623266663730376636336430346136313237303666613935223b733a383a22737562746f74616c223b643a353030303b7d733a33323a223164363931343138646165633063303137613463333236646662636131383962223b613a373a7b733a323a226964223b733a323a223237223b733a333a22717479223b643a313b733a353a227072696365223b643a3330303b733a343a226e616d65223b733a343a224f50504f223b733a373a226f7074696f6e73223b613a313a7b733a353a22696d616765223b733a35393a22687474703a2f2f6c6f63616c686f73743a383038302f63692d73686f706966792f6173736574732f696d672f61756469202d20436f70792e6a7067223b7d733a353a22726f776964223b733a33323a223164363931343138646165633063303137613463333236646662636131383962223b733a383a22737562746f74616c223b643a3330303b7d7d),
('vq81n4phjm52cigdmjgpipfmg6evmri2', '::1', 1628579802, 0x5f5f63695f6c6173745f726567656e65726174657c693a313632383537393830323b636172745f636f6e74656e74737c613a383a7b733a31303a22636172745f746f74616c223b643a36323731303b733a31313a22746f74616c5f6974656d73223b643a31373b733a33323a223035383237646632306130303231383963363339386132336138636434363431223b613a373a7b733a323a226964223b733a323a223232223b733a333a22717479223b643a31313b733a353a227072696365223b643a353030303b733a343a226e616d65223b733a333a22436172223b733a373a226f7074696f6e73223b613a313a7b733a353a22696d616765223b733a35323a22687474703a2f2f6c6f63616c686f73743a383038302f63692d73686f706966792f6173736574732f696d672f617564692e6a7067223b7d733a353a22726f776964223b733a33323a223035383237646632306130303231383963363339386132336138636434363431223b733a383a22737562746f74616c223b643a35353030303b7d733a33323a223565663536626165363166656139343930623237656466333636623338623332223b613a373a7b733a323a226964223b733a323a223233223b733a333a22717479223b643a323b733a353a227072696365223b643a3730303b733a343a226e616d65223b733a353a2250686f6e65223b733a373a226f7074696f6e73223b613a313a7b733a353a22696d616765223b733a35333a22687474703a2f2f6c6f63616c686f73743a383038302f63692d73686f706966792f6173736574732f696d672f70686f6e652e6a7067223b7d733a353a22726f776964223b733a33323a223565663536626165363166656139343930623237656466333636623338623332223b733a383a22737562746f74616c223b643a313430303b7d733a33323a223434396233393639346363663534366239383432313434386539376266303233223b613a373a7b733a323a226964223b733a323a223234223b733a333a22717479223b643a313b733a353a227072696365223b643a313030303b733a343a226e616d65223b733a363a2248502d343430223b733a373a226f7074696f6e73223b613a313a7b733a353a22696d616765223b733a35333a22687474703a2f2f6c6f63616c686f73743a383038302f63692d73686f706966792f6173736574732f696d672f68703434302e6a7067223b7d733a353a22726f776964223b733a33323a223434396233393639346363663534366239383432313434386539376266303233223b733a383a22737562746f74616c223b643a313030303b7d733a33323a223931393235333236656137303134353335663733613663623161303062643632223b613a373a7b733a323a226964223b733a323a223235223b733a333a22717479223b643a313b733a353a227072696365223b643a31303b733a343a226e616d65223b733a343a224c617973223b733a373a226f7074696f6e73223b613a313a7b733a353a22696d616765223b733a35323a22687474703a2f2f6c6f63616c686f73743a383038302f63692d73686f706966792f6173736574732f696d672f6c6179732e6a7067223b7d733a353a22726f776964223b733a33323a223931393235333236656137303134353335663733613663623161303062643632223b733a383a22737562746f74616c223b643a31303b7d733a33323a223839623937333931623266663730376636336430346136313237303666613935223b613a373a7b733a323a226964223b733a323a223236223b733a333a22717479223b643a313b733a353a227072696365223b643a353030303b733a343a226e616d65223b733a343a224f50504f223b733a373a226f7074696f6e73223b613a313a7b733a353a22696d616765223b733a35393a22687474703a2f2f6c6f63616c686f73743a383038302f63692d73686f706966792f6173736574732f696d672f61756469202d20436f70792e6a7067223b7d733a353a22726f776964223b733a33323a223839623937333931623266663730376636336430346136313237303666613935223b733a383a22737562746f74616c223b643a353030303b7d733a33323a223164363931343138646165633063303137613463333236646662636131383962223b613a373a7b733a323a226964223b733a323a223237223b733a333a22717479223b643a313b733a353a227072696365223b643a3330303b733a343a226e616d65223b733a343a224f50504f223b733a373a226f7074696f6e73223b613a313a7b733a353a22696d616765223b733a35393a22687474703a2f2f6c6f63616c686f73743a383038302f63692d73686f706966792f6173736574732f696d672f61756469202d20436f70792e6a7067223b7d733a353a22726f776964223b733a33323a223164363931343138646165633063303137613463333236646662636131383962223b733a383a22737562746f74616c223b643a3330303b7d7d),
('1627i3tpa7rfl1lva0oau0lpbe8099ui', '::1', 1628581279, 0x5f5f63695f6c6173745f726567656e65726174657c693a313632383538313237393b636172745f636f6e74656e74737c613a383a7b733a31303a22636172745f746f74616c223b643a36323731303b733a31313a22746f74616c5f6974656d73223b643a31373b733a33323a223035383237646632306130303231383963363339386132336138636434363431223b613a373a7b733a323a226964223b733a323a223232223b733a333a22717479223b643a31313b733a353a227072696365223b643a353030303b733a343a226e616d65223b733a333a22436172223b733a373a226f7074696f6e73223b613a313a7b733a353a22696d616765223b733a35323a22687474703a2f2f6c6f63616c686f73743a383038302f63692d73686f706966792f6173736574732f696d672f617564692e6a7067223b7d733a353a22726f776964223b733a33323a223035383237646632306130303231383963363339386132336138636434363431223b733a383a22737562746f74616c223b643a35353030303b7d733a33323a223565663536626165363166656139343930623237656466333636623338623332223b613a373a7b733a323a226964223b733a323a223233223b733a333a22717479223b643a323b733a353a227072696365223b643a3730303b733a343a226e616d65223b733a353a2250686f6e65223b733a373a226f7074696f6e73223b613a313a7b733a353a22696d616765223b733a35333a22687474703a2f2f6c6f63616c686f73743a383038302f63692d73686f706966792f6173736574732f696d672f70686f6e652e6a7067223b7d733a353a22726f776964223b733a33323a223565663536626165363166656139343930623237656466333636623338623332223b733a383a22737562746f74616c223b643a313430303b7d733a33323a223434396233393639346363663534366239383432313434386539376266303233223b613a373a7b733a323a226964223b733a323a223234223b733a333a22717479223b643a313b733a353a227072696365223b643a313030303b733a343a226e616d65223b733a363a2248502d343430223b733a373a226f7074696f6e73223b613a313a7b733a353a22696d616765223b733a35333a22687474703a2f2f6c6f63616c686f73743a383038302f63692d73686f706966792f6173736574732f696d672f68703434302e6a7067223b7d733a353a22726f776964223b733a33323a223434396233393639346363663534366239383432313434386539376266303233223b733a383a22737562746f74616c223b643a313030303b7d733a33323a223931393235333236656137303134353335663733613663623161303062643632223b613a373a7b733a323a226964223b733a323a223235223b733a333a22717479223b643a313b733a353a227072696365223b643a31303b733a343a226e616d65223b733a343a224c617973223b733a373a226f7074696f6e73223b613a313a7b733a353a22696d616765223b733a35323a22687474703a2f2f6c6f63616c686f73743a383038302f63692d73686f706966792f6173736574732f696d672f6c6179732e6a7067223b7d733a353a22726f776964223b733a33323a223931393235333236656137303134353335663733613663623161303062643632223b733a383a22737562746f74616c223b643a31303b7d733a33323a223839623937333931623266663730376636336430346136313237303666613935223b613a373a7b733a323a226964223b733a323a223236223b733a333a22717479223b643a313b733a353a227072696365223b643a353030303b733a343a226e616d65223b733a343a224f50504f223b733a373a226f7074696f6e73223b613a313a7b733a353a22696d616765223b733a35393a22687474703a2f2f6c6f63616c686f73743a383038302f63692d73686f706966792f6173736574732f696d672f61756469202d20436f70792e6a7067223b7d733a353a22726f776964223b733a33323a223839623937333931623266663730376636336430346136313237303666613935223b733a383a22737562746f74616c223b643a353030303b7d733a33323a223164363931343138646165633063303137613463333236646662636131383962223b613a373a7b733a323a226964223b733a323a223237223b733a333a22717479223b643a313b733a353a227072696365223b643a3330303b733a343a226e616d65223b733a343a224f50504f223b733a373a226f7074696f6e73223b613a313a7b733a353a22696d616765223b733a35393a22687474703a2f2f6c6f63616c686f73743a383038302f63692d73686f706966792f6173736574732f696d672f61756469202d20436f70792e6a7067223b7d733a353a22726f776964223b733a33323a223164363931343138646165633063303137613463333236646662636131383962223b733a383a22737562746f74616c223b643a3330303b7d7d),
('tgjia47o57brln185qtpgsg7om3vdtfh', '::1', 1628581589, 0x5f5f63695f6c6173745f726567656e65726174657c693a313632383538313538393b636172745f636f6e74656e74737c613a383a7b733a31303a22636172745f746f74616c223b643a36373731303b733a31313a22746f74616c5f6974656d73223b643a31383b733a33323a223035383237646632306130303231383963363339386132336138636434363431223b613a373a7b733a323a226964223b733a323a223232223b733a333a22717479223b643a31323b733a353a227072696365223b643a353030303b733a343a226e616d65223b733a333a22436172223b733a373a226f7074696f6e73223b613a313a7b733a353a22696d616765223b733a35323a22687474703a2f2f6c6f63616c686f73743a383038302f63692d73686f706966792f6173736574732f696d672f617564692e6a7067223b7d733a353a22726f776964223b733a33323a223035383237646632306130303231383963363339386132336138636434363431223b733a383a22737562746f74616c223b643a36303030303b7d733a33323a223565663536626165363166656139343930623237656466333636623338623332223b613a373a7b733a323a226964223b733a323a223233223b733a333a22717479223b643a323b733a353a227072696365223b643a3730303b733a343a226e616d65223b733a353a2250686f6e65223b733a373a226f7074696f6e73223b613a313a7b733a353a22696d616765223b733a35333a22687474703a2f2f6c6f63616c686f73743a383038302f63692d73686f706966792f6173736574732f696d672f70686f6e652e6a7067223b7d733a353a22726f776964223b733a33323a223565663536626165363166656139343930623237656466333636623338623332223b733a383a22737562746f74616c223b643a313430303b7d733a33323a223434396233393639346363663534366239383432313434386539376266303233223b613a373a7b733a323a226964223b733a323a223234223b733a333a22717479223b643a313b733a353a227072696365223b643a313030303b733a343a226e616d65223b733a363a2248502d343430223b733a373a226f7074696f6e73223b613a313a7b733a353a22696d616765223b733a35333a22687474703a2f2f6c6f63616c686f73743a383038302f63692d73686f706966792f6173736574732f696d672f68703434302e6a7067223b7d733a353a22726f776964223b733a33323a223434396233393639346363663534366239383432313434386539376266303233223b733a383a22737562746f74616c223b643a313030303b7d733a33323a223931393235333236656137303134353335663733613663623161303062643632223b613a373a7b733a323a226964223b733a323a223235223b733a333a22717479223b643a313b733a353a227072696365223b643a31303b733a343a226e616d65223b733a343a224c617973223b733a373a226f7074696f6e73223b613a313a7b733a353a22696d616765223b733a35323a22687474703a2f2f6c6f63616c686f73743a383038302f63692d73686f706966792f6173736574732f696d672f6c6179732e6a7067223b7d733a353a22726f776964223b733a33323a223931393235333236656137303134353335663733613663623161303062643632223b733a383a22737562746f74616c223b643a31303b7d733a33323a223839623937333931623266663730376636336430346136313237303666613935223b613a373a7b733a323a226964223b733a323a223236223b733a333a22717479223b643a313b733a353a227072696365223b643a353030303b733a343a226e616d65223b733a343a224f50504f223b733a373a226f7074696f6e73223b613a313a7b733a353a22696d616765223b733a35393a22687474703a2f2f6c6f63616c686f73743a383038302f63692d73686f706966792f6173736574732f696d672f61756469202d20436f70792e6a7067223b7d733a353a22726f776964223b733a33323a223839623937333931623266663730376636336430346136313237303666613935223b733a383a22737562746f74616c223b643a353030303b7d733a33323a223164363931343138646165633063303137613463333236646662636131383962223b613a373a7b733a323a226964223b733a323a223237223b733a333a22717479223b643a313b733a353a227072696365223b643a3330303b733a343a226e616d65223b733a343a224f50504f223b733a373a226f7074696f6e73223b613a313a7b733a353a22696d616765223b733a35393a22687474703a2f2f6c6f63616c686f73743a383038302f63692d73686f706966792f6173736574732f696d672f61756469202d20436f70792e6a7067223b7d733a353a22726f776964223b733a33323a223164363931343138646165633063303137613463333236646662636131383962223b733a383a22737562746f74616c223b643a3330303b7d7d),
('usqdihdvtc00rjephneltibk0cenqnk1', '::1', 1628582378, 0x5f5f63695f6c6173745f726567656e65726174657c693a313632383538323337383b636172745f636f6e74656e74737c613a383a7b733a31303a22636172745f746f74616c223b643a36373731303b733a31313a22746f74616c5f6974656d73223b643a31383b733a33323a223035383237646632306130303231383963363339386132336138636434363431223b613a373a7b733a323a226964223b733a323a223232223b733a333a22717479223b643a31323b733a353a227072696365223b643a353030303b733a343a226e616d65223b733a333a22436172223b733a373a226f7074696f6e73223b613a313a7b733a353a22696d616765223b733a35323a22687474703a2f2f6c6f63616c686f73743a383038302f63692d73686f706966792f6173736574732f696d672f617564692e6a7067223b7d733a353a22726f776964223b733a33323a223035383237646632306130303231383963363339386132336138636434363431223b733a383a22737562746f74616c223b643a36303030303b7d733a33323a223565663536626165363166656139343930623237656466333636623338623332223b613a373a7b733a323a226964223b733a323a223233223b733a333a22717479223b643a323b733a353a227072696365223b643a3730303b733a343a226e616d65223b733a353a2250686f6e65223b733a373a226f7074696f6e73223b613a313a7b733a353a22696d616765223b733a35333a22687474703a2f2f6c6f63616c686f73743a383038302f63692d73686f706966792f6173736574732f696d672f70686f6e652e6a7067223b7d733a353a22726f776964223b733a33323a223565663536626165363166656139343930623237656466333636623338623332223b733a383a22737562746f74616c223b643a313430303b7d733a33323a223434396233393639346363663534366239383432313434386539376266303233223b613a373a7b733a323a226964223b733a323a223234223b733a333a22717479223b643a313b733a353a227072696365223b643a313030303b733a343a226e616d65223b733a363a2248502d343430223b733a373a226f7074696f6e73223b613a313a7b733a353a22696d616765223b733a35333a22687474703a2f2f6c6f63616c686f73743a383038302f63692d73686f706966792f6173736574732f696d672f68703434302e6a7067223b7d733a353a22726f776964223b733a33323a223434396233393639346363663534366239383432313434386539376266303233223b733a383a22737562746f74616c223b643a313030303b7d733a33323a223931393235333236656137303134353335663733613663623161303062643632223b613a373a7b733a323a226964223b733a323a223235223b733a333a22717479223b643a313b733a353a227072696365223b643a31303b733a343a226e616d65223b733a343a224c617973223b733a373a226f7074696f6e73223b613a313a7b733a353a22696d616765223b733a35323a22687474703a2f2f6c6f63616c686f73743a383038302f63692d73686f706966792f6173736574732f696d672f6c6179732e6a7067223b7d733a353a22726f776964223b733a33323a223931393235333236656137303134353335663733613663623161303062643632223b733a383a22737562746f74616c223b643a31303b7d733a33323a223839623937333931623266663730376636336430346136313237303666613935223b613a373a7b733a323a226964223b733a323a223236223b733a333a22717479223b643a313b733a353a227072696365223b643a353030303b733a343a226e616d65223b733a343a224f50504f223b733a373a226f7074696f6e73223b613a313a7b733a353a22696d616765223b733a35393a22687474703a2f2f6c6f63616c686f73743a383038302f63692d73686f706966792f6173736574732f696d672f61756469202d20436f70792e6a7067223b7d733a353a22726f776964223b733a33323a223839623937333931623266663730376636336430346136313237303666613935223b733a383a22737562746f74616c223b643a353030303b7d733a33323a223164363931343138646165633063303137613463333236646662636131383962223b613a373a7b733a323a226964223b733a323a223237223b733a333a22717479223b643a313b733a353a227072696365223b643a3330303b733a343a226e616d65223b733a343a224f50504f223b733a373a226f7074696f6e73223b613a313a7b733a353a22696d616765223b733a35393a22687474703a2f2f6c6f63616c686f73743a383038302f63692d73686f706966792f6173736574732f696d672f61756469202d20436f70792e6a7067223b7d733a353a22726f776964223b733a33323a223164363931343138646165633063303137613463333236646662636131383962223b733a383a22737562746f74616c223b643a3330303b7d7d),
('4gqlks9l4961n4q79onil8t80rprcddk', '::1', 1628582746, 0x5f5f63695f6c6173745f726567656e65726174657c693a313632383538323734363b636172745f636f6e74656e74737c613a333a7b733a31303a22636172745f746f74616c223b643a31303030303b733a31313a22746f74616c5f6974656d73223b643a323b733a33323a223035383237646632306130303231383963363339386132336138636434363431223b613a373a7b733a323a226964223b733a323a223232223b733a333a22717479223b643a323b733a353a227072696365223b643a353030303b733a343a226e616d65223b733a333a22436172223b733a373a226f7074696f6e73223b613a313a7b733a353a22696d616765223b733a35323a22687474703a2f2f6c6f63616c686f73743a383038302f63692d73686f706966792f6173736574732f696d672f617564692e6a7067223b7d733a353a22726f776964223b733a33323a223035383237646632306130303231383963363339386132336138636434363431223b733a383a22737562746f74616c223b643a31303030303b7d7d),
('lsnmsiivat3iqggcqfmkivf5u5kdlpld', '::1', 1628586457, 0x5f5f63695f6c6173745f726567656e65726174657c693a313632383538363435373b636172745f636f6e74656e74737c613a333a7b733a31303a22636172745f746f74616c223b643a31303030303b733a31313a22746f74616c5f6974656d73223b643a323b733a33323a223035383237646632306130303231383963363339386132336138636434363431223b613a373a7b733a323a226964223b733a323a223232223b733a333a22717479223b643a323b733a353a227072696365223b643a353030303b733a343a226e616d65223b733a333a22436172223b733a373a226f7074696f6e73223b613a313a7b733a353a22696d616765223b733a35323a22687474703a2f2f6c6f63616c686f73743a383038302f63692d73686f706966792f6173736574732f696d672f617564692e6a7067223b7d733a353a22726f776964223b733a33323a223035383237646632306130303231383963363339386132336138636434363431223b733a383a22737562746f74616c223b643a31303030303b7d7d),
('50v5lgf511vfdasa7ie30hq8dj2ljpor', '::1', 1628588324, 0x5f5f63695f6c6173745f726567656e65726174657c693a313632383538383332343b),
('d6baj7aq6qeu2s6mqe8arc06rcebe63e', '::1', 1628588324, 0x5f5f63695f6c6173745f726567656e65726174657c693a313632383538383332343b),
('vjn8ajp8qs124tqnhqle7aso57gujsve', '::1', 1628590072, 0x5f5f63695f6c6173745f726567656e65726174657c693a313632383539303034303b),
('155llsua1jgs40inis80mdc4q1c8b1k0', '::1', 1628590756, 0x5f5f63695f6c6173745f726567656e65726174657c693a313632383539303735363b),
('2eue0blv8s44hisn7q70fdhchuk7pcdv', '::1', 1628591306, 0x5f5f63695f6c6173745f726567656e65726174657c693a313632383539313330363b636172745f636f6e74656e74737c613a333a7b733a31303a22636172745f746f74616c223b643a353030303b733a31313a22746f74616c5f6974656d73223b643a313b733a33323a223035383237646632306130303231383963363339386132336138636434363431223b613a373a7b733a323a226964223b733a323a223232223b733a333a22717479223b643a313b733a353a227072696365223b643a353030303b733a343a226e616d65223b733a333a22436172223b733a373a226f7074696f6e73223b613a313a7b733a353a22696d616765223b733a35323a22687474703a2f2f6c6f63616c686f73743a383038302f63692d73686f706966792f6173736574732f696d672f617564692e6a7067223b7d733a353a22726f776964223b733a33323a223035383237646632306130303231383963363339386132336138636434363431223b733a383a22737562746f74616c223b643a353030303b7d7d),
('0opd17karn6ouglvr3tvkcubutmsvfr0', '::1', 1628591306, 0x5f5f63695f6c6173745f726567656e65726174657c693a313632383539313330363b),
('5pecs4b0j7b8nfaq0enquu4fo4hdf9e7', '::1', 1628657024, 0x5f5f63695f6c6173745f726567656e65726174657c693a313632383635373032343b);

-- --------------------------------------------------------

--
-- Table structure for table `customer`
--

CREATE TABLE `customer` (
  `id` int(11) NOT NULL,
  `name` varchar(50) NOT NULL,
  `eamil` varchar(50) NOT NULL,
  `phone` varchar(15) NOT NULL,
  `address` varchar(255) NOT NULL,
  `password` varchar(20) NOT NULL
) ENGINE=InnoDB DEFAULT CHARSET=utf8mb4;

-- --------------------------------------------------------

--
-- Table structure for table `order`
--

CREATE TABLE `order` (
  `id` int(11) NOT NULL,
  `total_price` int(11) NOT NULL,
  `name` varchar(50) NOT NULL,
  `address` text NOT NULL,
  `city` varchar(30) NOT NULL,
  `state` varchar(30) NOT NULL,
  `country` varchar(30) NOT NULL,
  `zip_code` int(11) NOT NULL,
  `created` date NOT NULL
) ENGINE=InnoDB DEFAULT CHARSET=utf8mb4;

--
-- Dumping data for table `order`
--

INSERT INTO `order` (`id`, `total_price`, `name`, `address`, `city`, `state`, `country`, `zip_code`, `created`) VALUES
(1, 67710, 'Rehan', 'Lahore', '', '', '', 0, '2021-08-10'),
(2, 45000, 'Rehan', 'ISB', '', '', '', 0, '2021-08-10'),
(3, 17800, 'Rehan', 'LHR', '', '', '', 0, '2021-08-10'),
(4, 5000, 'Usama', 'LHR', '', '', '', 0, '2021-08-10'),
(5, 25000, 'Afzaal', 'SLK', '', '', '', 0, '2021-08-10'),
(6, 20000, 'Rehan', 'Lahore Pak', '', '', '', 0, '2021-08-10'),
(7, 5000, 'Rehan', 'Garden Town', 'Lahore', 'Punjab', 'Pakistan', 54000, '2021-08-10');

-- --------------------------------------------------------

--
-- Table structure for table `order_details`
--

CREATE TABLE `order_details` (
  `id` int(11) NOT NULL,
  `order_id` int(11) NOT NULL,
  `product_id` int(11) NOT NULL,
  `name` varchar(50) NOT NULL,
  `unit_price` int(11) NOT NULL,
  `quantity` int(11) NOT NULL,
  `total_price` int(11) NOT NULL
) ENGINE=InnoDB DEFAULT CHARSET=utf8mb4;

--
-- Dumping data for table `order_details`
--

INSERT INTO `order_details` (`id`, `order_id`, `product_id`, `name`, `unit_price`, `quantity`, `total_price`) VALUES
(1, 1, 22, 'Rehan', 5000, 12, 60000),
(2, 1, 23, 'Rehan', 700, 2, 1400),
(3, 1, 24, 'Rehan', 1000, 1, 1000),
(4, 1, 25, 'Rehan', 10, 1, 10),
(5, 1, 26, 'Rehan', 5000, 1, 5000),
(6, 1, 27, 'Rehan', 300, 1, 300),
(7, 2, 22, 'Rehan', 5000, 9, 45000),
(8, 3, 22, 'Rehan', 5000, 3, 15000),
(9, 3, 23, 'Rehan', 700, 4, 2800),
(10, 4, 26, 'Usama', 5000, 1, 5000),
(11, 5, 22, 'Afzaal', 5000, 5, 25000),
(12, 6, 22, 'Rehan', 5000, 4, 20000),
(13, 7, 22, 'Rehan', 5000, 1, 5000);

-- --------------------------------------------------------

--
-- Table structure for table `products`
--

CREATE TABLE `products` (
  `id` int(11) NOT NULL,
  `product_name` varchar(80) NOT NULL,
  `product_info` text NOT NULL,
  `product_price` varchar(11) NOT NULL,
  `product_image` varchar(255) NOT NULL,
  `product_category` varchar(50) NOT NULL,
  `product_tag` varchar(20) NOT NULL
) ENGINE=InnoDB DEFAULT CHARSET=utf8mb4;

--
-- Dumping data for table `products`
--

INSERT INTO `products` (`id`, `product_name`, `product_info`, `product_price`, `product_image`, `product_category`, `product_tag`) VALUES
(22, 'Car', 'Lorem Ipsum copy in various charsets and languages for layouts. Lorem Ipsum copy in various charsets and languages for layouts. Lorem Ipsum copy in various charsets and languages for layouts. Lorem Ipsum copy in various charsets and languages for layouts.', '5000', 'a:1:{i:0;s:19:\"assets/img/audi.jpg\";}', 'Car', 'Trending'),
(23, 'Phone', 'Lorem Ipsum copy in various charsets and languages for layouts.', '700', 'a:1:{i:0;s:20:\"assets/img/phone.jpg\";}', 'SmartPhone', 'Flash Sale'),
(24, 'HP-440', 'Lorem Ipsum copy in various charsets and languages for layouts. Lorem Ipsum copy in various charsets and languages for layouts.', '1000', 'a:5:{i:0;s:20:\"assets/img/hp440.jpg\";i:1;s:21:\"assets/img/hp4401.jpg\";i:2;s:21:\"assets/img/hp4402.jpg\";i:3;s:21:\"assets/img/hp4403.jpg\";i:4;s:21:\"assets/img/hp4404.jpg\";}', 'Laptop', 'New Arrival'),
(25, 'Lays', 'Lorem Ipsum copy in various charsets and languages for layouts.', '10', 'a:1:{i:0;s:19:\"assets/img/lays.jpg\";}', 'Lays', 'Trending'),
(26, 'OPPO', '<p>The rows attribute specifies the visible height of a text area, in lines.</p><p><strong>Note:</strong> The size of a textarea can also be specified by the CSS height and width properties.</p>', '5000', 'a:4:{i:0;s:26:\"assets/img/audi - Copy.jpg\";i:1;s:19:\"assets/img/audi.jpg\";i:2;s:22:\"assets/img/favicon.png\";i:3;s:27:\"assets/img/hp440 - Copy.jpg\";}', 'SmartPhone', 'Trending'),
(27, 'OPPO', '<h2>Definition and Usage</h2><p>The rows attribute specifies the visible height of a text area, in lines.</p><p><strong>Note:</strong> The size of a textarea can also be specified by the CSS height and width properties.</p>', '300', 'a:3:{i:0;s:26:\"assets/img/audi - Copy.jpg\";i:1;s:19:\"assets/img/audi.jpg\";i:2;s:22:\"assets/img/favicon.png\";}', 'SmartPhone', 'Trending');

--
-- Indexes for dumped tables
--

--
-- Indexes for table `admin`
--
ALTER TABLE `admin`
  ADD PRIMARY KEY (`id`),
  ADD UNIQUE KEY `email` (`email`),
  ADD UNIQUE KEY `id` (`id`);

--
-- Indexes for table `category`
--
ALTER TABLE `category`
  ADD PRIMARY KEY (`id`);

--
-- Indexes for table `ci_sessions`
--
ALTER TABLE `ci_sessions`
  ADD KEY `ci_sessions_timestamp` (`timestamp`);

--
-- Indexes for table `customer`
--
ALTER TABLE `customer`
  ADD PRIMARY KEY (`id`),
  ADD UNIQUE KEY `eamil` (`eamil`);

--
-- Indexes for table `order`
--
ALTER TABLE `order`
  ADD PRIMARY KEY (`id`);

--
-- Indexes for table `order_details`
--
ALTER TABLE `order_details`
  ADD PRIMARY KEY (`id`);

--
-- Indexes for table `products`
--
ALTER TABLE `products`
  ADD PRIMARY KEY (`id`);

--
-- AUTO_INCREMENT for dumped tables
--

--
-- AUTO_INCREMENT for table `admin`
--
ALTER TABLE `admin`
  MODIFY `id` int(11) NOT NULL AUTO_INCREMENT, AUTO_INCREMENT=28;

--
-- AUTO_INCREMENT for table `category`
--
ALTER TABLE `category`
  MODIFY `id` int(11) NOT NULL AUTO_INCREMENT, AUTO_INCREMENT=10;

--
-- AUTO_INCREMENT for table `customer`
--
ALTER TABLE `customer`
  MODIFY `id` int(11) NOT NULL AUTO_INCREMENT;

--
-- AUTO_INCREMENT for table `order`
--
ALTER TABLE `order`
  MODIFY `id` int(11) NOT NULL AUTO_INCREMENT, AUTO_INCREMENT=8;

--
-- AUTO_INCREMENT for table `order_details`
--
ALTER TABLE `order_details`
  MODIFY `id` int(11) NOT NULL AUTO_INCREMENT, AUTO_INCREMENT=14;

--
-- AUTO_INCREMENT for table `products`
--
ALTER TABLE `products`
  MODIFY `id` int(11) NOT NULL AUTO_INCREMENT, AUTO_INCREMENT=28;
COMMIT;

/*!40101 SET CHARACTER_SET_CLIENT=@OLD_CHARACTER_SET_CLIENT */;
/*!40101 SET CHARACTER_SET_RESULTS=@OLD_CHARACTER_SET_RESULTS */;
/*!40101 SET COLLATION_CONNECTION=@OLD_COLLATION_CONNECTION */;
